INSERT INTO role (id, role) VALUES
                                (1, 'OWNER'),
                                (2, 'ADMIN'),
                                (3, 'CUSTOMER');
INSERT INTO Location (id, city, state, country, zip_code, address) VALUES
                                                                       (6, 'Philadelphia', 'Pennsylvania', 'USA', '19019', '601 Market Street'),
                                                                       (7, 'San Francisco', 'California', 'USA', '94105', '201 Spear Street'),
                                                                       (8, 'Miami', 'Florida', 'USA', '33101', '401 Biscayne Boulevard'),
                                                                       (9, 'Seattle', 'Washington', 'USA', '98101', '801 Pine Street'),
                                                                       (10, 'Dallas', 'Texas', 'USA', '75001', '301 South Lamar Street'),
                                                                       (11, 'Boston', 'Massachusetts', 'USA', '02101', '101 Federal Street'),
                                                                       (12, 'Denver', 'Colorado', 'USA', '80014', '901 18th Street'),
                                                                       (13, 'Atlanta', 'Georgia', 'USA', '30301', '301 Peachtree Street'),
                                                                       (14, 'Minneapolis', 'Minnesota', 'USA', '55401', '801 Lasalle Avenue'),
                                                                       (15, 'Las Vegas', 'Nevada', 'USA', '89101', '701 East Bridger Avenue'),
                                                                       (16, 'Portland', 'Oregon', 'USA', '97035', '901 Hawthorne Boulevard'),
                                                                       (17, 'Charlotte', 'North Carolina', 'USA', '28202', '401 South Tryon Street'),
                                                                       (18, 'Detroit', 'Michigan', 'USA', '48201', '301 Woodward Avenue'),
                                                                       (19, 'Nashville', 'Tennessee', 'USA', '37201', '501 Broadway'),
                                                                       (20, 'Baltimore', 'Maryland', 'USA', '21201', '601 Light Street'),
                                                                       (21, 'Louisville', 'Kentucky', 'USA', '40202', '401 South 4th Street'),
                                                                       (22, 'Milwaukee', 'Wisconsin', 'USA', '53202', '301 East Wisconsin Avenue'),
                                                                       (23, 'Albuquerque', 'New Mexico', 'USA', '87101', '501 Copper Avenue NW'),
                                                                       (24, 'Tucson', 'Arizona', 'USA', '85701', '201 North Stone Avenue'),
                                                                       (25, 'Fresno', 'California', 'USA', '93721', '801 T Street');
INSERT INTO users (user_id, email, password, firstname, lastname, contact, status, role_id, address_id) VALUES
                                                                                                            (21, 'user1@example.com', 'hashed_password1', 'John', 'Doe', '1234567890', 'unverified', 1, 16),
                                                                                                            (22, 'user2@example.com', 'hashed_password2', 'Jane', 'Roe', '2345678901', 'unverified', 2, 17),
                                                                                                            (23, 'user3@example.com', 'hashed_password3', 'Jim', 'Beam', '3456789012', 'unverified', 3, 18),
                                                                                                            (24, 'user4@example.com', 'hashed_password4', 'Jack', 'Daniels', '4567890123', 'unverified', 1, 19),
                                                                                                            (25, 'user5@example.com', 'hashed_password5', 'Jose', 'Cuervo', '5678901234', 'unverified', 2, 20),
                                                                                                            (26, 'user6@example.com', 'hashed_password6', 'Jin', 'Sang', '6789012345', 'unverified', 3, 21),
                                                                                                            (27, 'user7@example.com', 'hashed_password7', 'Julia', 'Roberts', '7890123456', 'unverified', 1, 7),
                                                                                                            (28, 'user8@example.com', 'hashed_password8', 'Jessica', 'Alba', '8901234567', 'unverified', 2, 8),
                                                                                                            (29, 'user9@example.com', 'hashed_password9', 'Jeremy', 'Renner', '9012345678', 'unverified', 3, 9),
                                                                                                            (30, 'user10@example.com', 'hashed_password10', 'Jennifer', 'Lawrence', '0123456789', 'unverified', 1, 10);




INSERT INTO property (name, price, property_types, area, banner, status, description, owner, user_id, featured, location_id, bedroom, bathroom) VALUES
                                                                                                                                                    ('Beachfront Villa', 850000, 'HOUSE', '3500sqft', 'https://st.hzcdn.com/fimgs/pictures/exteriors/the-cliffs-rescom-architectural-inc-img~6161a1ab0efb8b5c_2268-1-180fc4b-w720-h720-b2-p0.jpg', 'Available', 'Luxurious villa with direct beach access and stunning ocean views.', 'Natasha Romanoff', 21, TRUE, 20, 4, 5),
                                                                                                                                                    ('Cozy Cottage', 180000, 'HOUSE', '1200sqft', 'https://st.hzcdn.com/fimgs/pictures/exteriors/azalea-2-hayes-signature-homes-img~7511f1c605859bd7_7184-1-62f4ec6-w720-h720-b2-p0.jpg', 'Available', 'Charming cottage with a fireplace, ideal for a small family.', 'Sam Wilson', 22, FALSE, 21, 2, 1),
                                                                                                                                                    ('Riverside Retreat', 420000, 'HOUSE', '2800sqft', 'https://st.hzcdn.com/fimgs/pictures/exteriors/classic-lake-house-custom-home-alair-homes-clemson-img~5b81f82b0c9162c8_0570-1-38c4f20-w720-h720-b2-p0.jpg', 'Available', 'Tranquil house nestled by the river, perfect for nature lovers.', 'Bucky Barnes', 23, TRUE, 22, 3, 3),
                                                                                                                                                    ('Urban Penthouse', 750000, 'APARTMENT', '2000sqft', 'https://st.hzcdn.com/fimgs/pictures/exteriors/dairy-subdivision-residence-dubbe-moulder-architects-img~f95109b00293e5e0_5297-1-c145a2d-w641-h641-b2-p0.jpg', 'Available', 'Luxury penthouse with panoramic city views and rooftop terrace.', 'Carol Danvers', 24, FALSE, 23, 3, 2),
                                                                                                                                                    ('Mountain Chalet', 600000, 'HOUSE', '3200sqft', 'https://st.hzcdn.com/fimgs/pictures/exteriors/colonial-revival-restoration-brad-cox-architect-inc-img~57317db60e66bd11_5880-1-5acf424-w720-h720-b2-p0.jpg', 'Available', 'Ski-in/ski-out chalet with rustic charm and modern amenities.', 'Thor Odinson', 25, TRUE, 24, 5, 4),
                                                                                                                                                    ('Lakefront Mansion', 1200000, 'HOUSE', '5000sqft', 'https://st.hzcdn.com/fimgs/71012a10000632cd_3293-w720-h720-b2-p0--.jpg', 'Available', 'Grand mansion overlooking the lake, featuring a private dock and pool.', 'Bruce Banner', 22, FALSE, 25, 6, 6),
                                                                                                                                                    ('Industrial Loft', 280000, 'CONDO', '1500sqft', 'https://st.hzcdn.com/fimgs/pictures/exteriors/custom-architecture-jb-architecture-group-inc-img~fdb16c9300b93e92_5027-1-2bc2715-w720-h720-b2-p0.jpg', 'Available', 'Converted loft with industrial aesthetics and open floor plan.', 'Vision', 21, TRUE, 22, 2, 2),
                                                                                                                                                    ('Countryside Estate', 900000, 'HOUSE', '4500sqft', 'https://st.hzcdn.com/fimgs/f491b88f00b68f3d_2829-w720-h720-b2-p0--.jpg', 'Available', 'Sprawling estate set amidst rolling hills and lush greenery.', 'Gamora', 23, FALSE, 8, 7, 5),
                                                                                                                                                    ('Historic Brownstone', 550000, 'HOUSE', '2600sqft', 'https://st.hzcdn.com/fimgs/pictures/exteriors/dairy-subdivision-residence-dubbe-moulder-architects-img~f95109b00293e5e0_5297-1-c145a2d-w641-h641-b2-p0.jpg', 'Available', 'Restored brownstone with period details and modern comforts.', 'Peter Quill', 29, TRUE, 20, 4, 3),
                                                                                                                                                    ('Sustainable Townhouse', 320000, 'HOUSE', '1800sqft', 'https://st.hzcdn.com/fimgs/pictures/exteriors/heber-city-ut-habitations-residential-design-group-img~baa1d7000a4e67ec_3176-1-a73db47-w720-h720-b2-p0.jpg', 'Available', 'Energy-efficient townhouse with green features and smart technology.', 'Groot', 30, FALSE, 20, 3, 2),
                                                                                                                                                    ('Downtown Office', 400000, 'OFFICE', '1800sqft', 'https://st.hzcdn.com/fimgs/pictures/exteriors/cozy-colonial-sara-hillery-interior-design-llc-img~52b13eb80f6276be_1538-1-824b594-w720-h720-b2-p0.jpg', 'Available', 'Prime location office space in the heart of the city.', 'Pepper Potts', 21, FALSE, 9, 0, 0),
                                                                                                                                                    ('Spacious Apartment', 220000, 'APARTMENT', '1300sqft', 'https://st.hzcdn.com/fimgs/pictures/exteriors/azalea-2-hayes-signature-homes-img~7511f1c605859bd7_7184-1-62f4ec6-w720-h720-b2-p0.jpg', 'Available', 'Spacious apartment with great views and modern amenities.', 'Nick Fury', 22, TRUE, 10, 2, 1),
                                                                                                                                                    ('Executive Condo', 350000, 'CONDO', '1400sqft', 'https://st.hzcdn.com/fimgs/pictures/exteriors/classic-lake-house-custom-home-alair-homes-clemson-img~5b81f82b0c9162c8_0570-1-38c4f20-w720-h720-b2-p0.jpg', 'Available', 'High-end condo with top-notch finishes and facilities.', 'Maria Hill', 23, FALSE, 11, 2, 2),
                                                                                                                                                    ('Family Home', 300000, 'HOUSE', '2000sqft', 'https://st.hzcdn.com/fimgs/pictures/exteriors/colonial-revival-restoration-brad-cox-architect-inc-img~57317db60e66bd11_5880-1-5acf424-w720-h720-b2-p0.jpg', 'Sold', 'Perfect family home with a backyard and friendly neighborhood.', 'Clint Barton', 24, TRUE, 12, 4, 3),
                                                                                                                                                    ('City Center Apartment', 250000, 'APARTMENT', '1100sqft', 'https://st.hzcdn.com/fimgs/pictures/exteriors/family-hobby-farm-ecraft-img~16a150a10c4476bb_2907-1-437e9ad-w683-h683-b2-p0.jpg', 'Available', 'Apartment in the city center, close to all amenities.', 'Scott Lang', 25, FALSE, 13, 1, 1),
                                                                                                                                                    ('Modern Office Space', 450000, 'OFFICE', '1900sqft', 'https://st.hzcdn.com/fimgs/71012a10000632cd_3293-w720-h720-b2-p0--.jpg', 'Available', 'State-of-the-art office space designed for startups.', 'Hope Van Dyne', 28, TRUE, 14, 0, 0),
                                                                                                                                                    ('High-rise Condo', 275000, 'CONDO', '1200sqft', 'https://st.hzcdn.com/fimgs/pictures/exteriors/custom-architecture-jb-architecture-group-inc-img~fdb16c9300b93e92_5027-1-2bc2715-w720-h720-b2-p0.jpg', 'Available', 'Condo in a high-rise with stunning city views.', 'Pietro Maximoff', 23, FALSE, 15, 2, 2),
                                                                                                                                                    ('Suburban House', 320000, 'HOUSE', '2500sqft', 'https://st.hzcdn.com/fimgs/f491b88f00b68f3d_2829-w720-h720-b2-p0--.jpg', 'Available', 'Spacious house in the suburbs with large rooms and garden.', 'Wanda Maximoff', 28, TRUE, 16, 3, 2),
                                                                                                                                                    ('Downtown Loft', 230000, 'CONDO', '900sqft', 'https://st.hzcdn.com/fimgs/pictures/exteriors/dairy-subdivision-residence-dubbe-moulder-architects-img~f95109b00293e5e0_5297-1-c145a2d-w641-h641-b2-p0.jpg', 'Available', 'Loft located downtown, perfect for young professionals.', 'Stephen Strange', 29, FALSE, 17, 1, 1),
                                                                                                                                                    ('Office Building', 600000, 'OFFICE', '3000sqft', 'https://st.hzcdn.com/fimgs/pictures/exteriors/heber-city-ut-habitations-residential-design-group-img~baa1d7000a4e67ec_3176-1-a73db47-w720-h720-b2-p0.jpg', 'Available', 'Entire building available for corporate office setup.', 'Tony Stark', 30, TRUE, 18, 0, 0),
                                                                                                                                                    ('Luxury Apartment', 310000, 'APARTMENT', '1350sqft', 'https://st.hzcdn.com/fimgs/pictures/exteriors/cozy-colonial-sara-hillery-interior-design-llc-img~52b13eb80f6276be_1538-1-824b594-w720-h720-b2-p0.jpg', 'Sold', 'Luxury apartment with all the modern amenities.', 'Steve Rogers', 21, FALSE, 19, 2, 2);



select *
from public.message;